{
  "login": "wendux",
  "id": 20411648,
  "node_id": "MDQ6VXNlcjIwNDExNjQ4",
  "avatar_url": "https://avatars.githubusercontent.com/u/20411648?v=4",
  "gravatar_id": "",
  "url": "https://api.github.com/users/wendux",
  "html_url": "https://github.com/wendux",
  "followers_url": "https://api.github.com/users/wendux/followers",
  "following_url": "https://api.github.com/users/wendux/following{/other_user}",
  "gists_url": "https://api.github.com/users/wendux/gists{/gist_id}",
  "starred_url": "https://api.github.com/users/wendux/starred{/owner}{/repo}",
  "subscriptions_url": "https://api.github.com/users/wendux/subscriptions",
  "organizations_url": "https://api.github.com/users/wendux/orgs",
  "repos_url": "https://api.github.com/users/wendux/repos",
  "events_url": "https://api.github.com/users/wendux/events{/privacy}",
  "received_events_url": "https://api.github.com/users/wendux/received_events",
  "type": "User",
  "site_admin": false
}